<?xml version="1.0"?>
<!DOCTYPE modification SYSTEM "http://www.simplemachines.org/xml/modification">
<modification xmlns="http://www.simplemachines.org/xml/modification" xmlns:smf="http://www.simplemachines.org/">
	<id>HarzeM:BoardViewers</id>
	<version>1.2.1.1b</version>
	<homepage>http://www.harzem.com/</homepage>
	<file name="$sourcedir/ManageSettings.php">
		<operation>
			<search position="after"><![CDATA[
			// Statistics.]]></search>
			<add><![CDATA[
			// Board Viewers By HarzeM
			array('check', 'enable_board_viewers'),
			array('check', 'boardViewersGuestsMembers'),
			array('check', 'boardViewersClickable'),
			array('check', 'countChildPosts'),
		'',]]></add>
		</operation>
	</file>
		
	<file name="$themedir/BoardIndex.template.php">
		<operation>
			<search position="replace"><![CDATA[', $board['name'], '</a>]]></search>
			<add><![CDATA[', $board['name'], '</a>',(!empty($modSettings['enable_board_viewers'])) ? $board['viewer_text'] : '',']]></add>
		</operation>
	</file>
	
	<file name="$themedir/MessageIndex.template.php">
		<operation>
			<search position="replace"><![CDATA[', $board['name'], '</a>]]></search>
			<add><![CDATA[', $board['name'], '</a>',(!empty($modSettings['enable_board_viewers'])) ? $board['viewer_text'] : '',']]></add>
		</operation>
	</file>
	
	<file name="$boarddir/index.php">
		<operation>
			<search position="before"><![CDATA[
		'viewprofile' => array('Profile.php', 'ModifyProfile'),]]></search>
			<add><![CDATA[
		'viewers' => array('Viewers.php', 'BoardViewers'),]]></add>
		</operation>
	</file>

	<file name="$sourcedir/BoardIndex.php">
		<operation>
			<search position="before"><![CDATA[
	$context['categories'] = getBoardIndex($boardIndexOptions);]]></search>
			<add><![CDATA[
	
	// Calculation of board viewers ... By HarzeM
	if (!empty($modSettings['enable_board_viewers']))
	{
		foreach($context['categories'] as $keyc => $category)
		{
			foreach($category['boards'] as $key => $boards)
			{
				$this_guests = $boards['viewers']['guests'];
				$this_members = $boards['viewers']['members'];
				$this_viewers = $this_guests + $this_members;
			
				$context['categories'][$keyc]['boards'][$key]['viewer_text'] = ($this_viewers > 0) ?
					('<span class="smalltext" style="float:right;">(' .
						(!empty($modSettings['boardViewersClickable']) ? '<a href="'.$scripturl.'?action=viewers;board='.$key.'" onclick="return reqWin(this.href);" title="'.$txt['viewersBrowsing'].'">' : '') .
						(!empty($modSettings['boardViewersGuestsMembers']) ? 
							((($this_members > 1) ? "<b>".$this_members."</b> ". $txt['board_v_members'] : "<b>".$this_members."</b> ". $txt['board_v_member']) .
							(($this_guests > 1) ? ", <b>".$this_guests."</b> ". $txt['board_v_guests'] : ", <b>".$this_guests."</b> ". $txt['board_v_guest']))
							: (($this_viewers > 1) ? "<b>".$this_viewers."</b> ". $txt['board_viewers'] : "<b>".$this_viewers."</b> ". $txt['board_viewer'])
						) .
						(!empty($modSettings['boardViewersClickable']) ? '</a>' : '') .
					')</span>')
					: '' ;

				if($boards['children'] !== array())
				{
					foreach($boards['children'] as $keych => $child)
					{
						$this_guests = $child['viewers']['guests'];
						$this_members = $child['viewers']['members'];
						$this_viewers = $this_guests + $this_members;
						$context['categories'][$keyc]['boards'][$key]['children'][$keych]['viewer_text'] = ($this_viewers > 0) ? (($this_viewers > 1) ? ", ". $txt['board_viewers_child'] . ": " . $this_viewers : ", ". $txt['board_viewer_child'] . ": " . $this_viewers) : '';
					}
				}
			}
		}
	}]]></add>
		</operation>
	</file>
	
	<file name="$sourcedir/MessageIndex.php">
		<operation>
			<search position="before"><![CDATA[
	$context['boards'] = getBoardIndex($boardIndexOptions);]]></search>
			<add><![CDATA[
	
	// Calculation of board viewers ... By HarzeM
	if (!empty($modSettings['enable_board_viewers']) && isset($context['boards']) && is_array($context['boards']))
	{
		foreach($context['boards'] as $key => $boards)
		{
			$this_guests = $boards['viewers']['guests'];
			$this_members = $boards['viewers']['members'];
			$this_viewers = $this_guests + $this_members;
			
			$context['boards'][$key]['viewer_text'] = ($this_viewers > 0) ?
				('<span class="smalltext" style="float:right;">(' .
					(!empty($modSettings['boardViewersClickable']) ? '<a href="'.$scripturl.'?action=viewers;board='.$key.'" onclick="return reqWin(this.href);" title="'.$txt['viewersBrowsing'].'">' : '') .
					(!empty($modSettings['boardViewersGuestsMembers']) ? 
						((($this_members > 1) ? "<b>".$this_members."</b> ". $txt['board_v_members'] : "<b>".$this_members."</b> ". $txt['board_v_member']) .
						 (($this_guests > 1) ? ", <b>".$this_guests."</b> ". $txt['board_v_guests'] : ", <b>".$this_guests."</b> ". $txt['board_v_guest']))
						: (($this_viewers > 1) ? "<b>".$this_viewers."</b> ". $txt['board_viewers'] : "<b>".$this_viewers."</b> ". $txt['board_viewer'])
					) .
					(!empty($modSettings['boardViewersClickable']) ? '</a>' : '') .
				')</span>')
				: '' ;
				
			if($boards['children'] !== array())
			{
				foreach($boards['children'] as $keych => $child)
				{
					$this_guests = $child['viewers']['guests'];
					$this_members = $child['viewers']['members'];
					$this_viewers = $this_guests + $this_members;
					$context['boards'][$key]['children'][$keych]['viewer_text'] = ($this_viewers > 0) ? (($this_viewers > 1) ? ", ". $txt['board_viewers_child'] . ": " . $this_viewers : ", ". $txt['board_viewer_child'] . ": " . $this_viewers) : '';
				}
			}

		}
	}]]></add>
		</operation>
	</file>
	
	<file name="$sourcedir/Subs-BoardIndex.php">
		<operation>
			<search position="after"><![CDATA[
	// Find all boards and categories, as well as related information.  This will be sorted by the natural order of boards and categories, which we control.]]></search>
			<add><![CDATA[
	// Board Viewers - by HarzeM
	$board_viewers = array();
	if (!empty($modSettings['enable_board_viewers']))
	{		
		// get the users that are on some boards :)
		$request = $smcFunc['db_query']('', "
			SELECT session, url, id_member
			FROM {db_prefix}log_online
			WHERE INSTR(url, 's:5:\"board\";i:')",
			array()
		);

		// for each user ...
		while($row = $smcFunc['db_fetch_assoc']($request))
		{
			// no user ?! useless forum!
			if (empty($row['session']))
				continue;
			
			$viewerdata = @unserialize($row['url']);
			
			// Check if there was no action or the action is display.
			if (!isset($viewerdata['action']) || $viewerdata['action'] == 'display')
			{
				if (isset($viewerdata['board']))
				{
					if(!isset($board_viewers[$viewerdata['board']]))
						$board_viewers[$viewerdata['board']] = array ('guests' => 0, 'members' => 0);
					if($row['id_member'] > 0)
						$board_viewers[$viewerdata['board']]['members']++;
					else
						$board_viewers[$viewerdata['board']]['guests']++;
						
				}
			}
		}
		$smcFunc['db_free_result']($request);
	}]]></add>
		</operation>
		<operation>
			<search position="before"><![CDATA[
					'posts' => $row_board['num_posts'],]]></search>
			<add><![CDATA[
					'viewers' => isset($board_viewers[$row_board['id_board']]) ? array(
						'guests' => $board_viewers[$row_board['id_board']]['guests'],
						'members' => $board_viewers[$row_board['id_board']]['members'])  : array('guests' => 0, 'members' =>0 ), // Board Viewers - by HarzeM
]]></add>
		</operation>
		<operation>
			<search position="before"><![CDATA[
				'posts' => $row_board['num_posts'],]]></search>
			<add><![CDATA[
				'viewers' => isset($board_viewers[$row_board['id_board']]) ? array(
					'guests' => $board_viewers[$row_board['id_board']]['guests'],
					'members' => $board_viewers[$row_board['id_board']]['members'])  : array('guests' => 0, 'members' =>0 ), // Board Viewers - by HarzeM
]]></add>
		</operation>
		<operation>
			<search position="before"><![CDATA[
				$this_category[$row_board['id_parent']]['topics'] += $row_board['num_topics'];]]></search>
			<add><![CDATA[
				if(isset($board_viewers[$row_board['id_board']])) // Board Viewers - by HarzeM
				{
					$this_category[$row_board['id_parent']]['viewers']['guests'] += $board_viewers[$row_board['id_board']]['guests'];
					$this_category[$row_board['id_parent']]['viewers']['members'] += $board_viewers[$row_board['id_board']]['members'];
				}
]]></add>
		</operation>
		<operation>
			<search position="before"><![CDATA[
				$parent_map[$row_board['id_parent']][1]['topics'] += $row_board['num_topics'];]]></search>
			<add><![CDATA[
				if(isset($board_viewers[$row_board['id_board']])) // Board Viewers - by HarzeM
				{
					$parent_map[$row_board['id_parent']][0]['viewers']['guests'] += $board_viewers[$row_board['id_board']]['guests'];
					$parent_map[$row_board['id_parent']][0]['viewers']['members'] += $board_viewers[$row_board['id_board']]['members'];
					$parent_map[$row_board['id_parent']][1]['viewers']['guests'] += $board_viewers[$row_board['id_board']]['guests'];
					$parent_map[$row_board['id_parent']][1]['viewers']['members'] += $board_viewers[$row_board['id_board']]['members'];
				}
]]></add>
		</operation>
	</file>

	<file name="$languagedir/Modifications.english.php" error="skip">
		<operation>
			<search position="end" />
			<add><![CDATA[

// Board Viewers Mod
$txt['enable_board_viewers'] = 'Enable displaying viewer numbers of boards';
$txt['boardViewersGuestsMembers'] = 'Seperate guest and member numbers';
$txt['boardViewersClickable'] = 'Enable pop-up list by clicking viewer numbers';
$txt['countChildPosts'] = 'Count child\'s viewers and posts in parent\'s totals';
$txt['bv_members_guests_none'] = 'There are no users viewing this board.';
$txt['bv_members_guests_this'] = 'There are %s members and %s guests viewing this board.';
$txt['bv_members_guests_child'] = '%s members and %s guests are viewing the child boards of this board.';
$txt['bv_members'] = 'Members';
$txt['viewersBrowsing'] = 'Viewers browsing this board';

$txt['board_v_members'] = 'members'; // 43 members
$txt['board_v_member'] = 'member'; // 1 member

$txt['board_v_guests'] = 'guests'; // 26 guests
$txt['board_v_guest'] = 'guest'; // 1 guest

$txt['board_viewers'] = 'viewing'; // 32 viewing
$txt['board_viewer'] = 'viewing'; // 1 viewing

$txt['board_viewers_child'] = 'Viewers'; // Viewers: 145
$txt['board_viewer_child'] = 'Viewer'; // Viewer: 1
// End Of Board Viewers Mod
]]></add>
		</operation>
	</file>
	<file name="$languagedir/Modifications.english-utf8.php" error="skip">
		<operation>
			<search position="end" />
			<add><![CDATA[

// Board Viewers Mod
$txt['enable_board_viewers'] = 'Enable displaying viewer numbers of boards';
$txt['boardViewersGuestsMembers'] = 'Seperate guest and member numbers';
$txt['boardViewersClickable'] = 'Enable pop-up list by clicking viewer numbers';
$txt['countChildPosts'] = 'Count child\'s viewers and posts in parent\'s totals';
$txt['bv_members_guests_none'] = 'There are no users viewing this board.';
$txt['bv_members_guests_this'] = 'There are %s members and %s guests viewing this board.';
$txt['bv_members_guests_child'] = '%s members and %s guests are viewing the child boards of this board.';
$txt['bv_members'] = 'Members';
$txt['viewersBrowsing'] = 'Viewers browsing this board';

$txt['board_v_members'] = 'members'; // 43 members
$txt['board_v_member'] = 'member'; // 1 member

$txt['board_v_guests'] = 'guests'; // 26 guests
$txt['board_v_guest'] = 'guest'; // 1 guest

$txt['board_viewers'] = 'viewing'; // 32 viewing
$txt['board_viewer'] = 'viewing'; // 1 viewing

$txt['board_viewers_child'] = 'Viewers'; // Viewers: 145
$txt['board_viewer_child'] = 'Viewer'; // Viewer: 1

// End Of Board Viewers Mod
]]></add>
		</operation>
	</file>
	<file name="$languagedir/Modifications.english_british.php" error="skip">
		<operation>
			<search position="end" />
			<add><![CDATA[

// Board Viewers Mod
$txt['enable_board_viewers'] = 'Enable displaying viewer numbers of boards';
$txt['boardViewersGuestsMembers'] = 'Seperate guest and member numbers';
$txt['boardViewersClickable'] = 'Enable pop-up list by clicking viewer numbers';
$txt['countChildPosts'] = 'Count child\'s viewers and posts in parent\'s totals';
$txt['bv_members_guests_none'] = 'There are no users viewing this board.';
$txt['bv_members_guests_this'] = 'There are %s members and %s guests viewing this board.';
$txt['bv_members_guests_child'] = '%s members and %s guests are viewing the child boards of this board.';
$txt['bv_members'] = 'Members';
$txt['viewersBrowsing'] = 'Viewers browsing this board';

$txt['board_v_members'] = 'members'; // 43 members
$txt['board_v_member'] = 'member'; // 1 member

$txt['board_v_guests'] = 'guests'; // 26 guests
$txt['board_v_guest'] = 'guest'; // 1 guest

$txt['board_viewers'] = 'viewing'; // 32 viewing
$txt['board_viewer'] = 'viewing'; // 1 viewing

$txt['board_viewers_child'] = 'Viewers'; // Viewers: 145
$txt['board_viewer_child'] = 'Viewer'; // Viewer: 1

// End Of Board Viewers Mod
]]></add>
		</operation>
	</file>
	<file name="$languagedir/Modifications.english_british-utf8.php" error="skip">
		<operation>
			<search position="end" />
			<add><![CDATA[

// Board Viewers Mod
$txt['enable_board_viewers'] = 'Enable displaying viewer numbers of boards';
$txt['boardViewersGuestsMembers'] = 'Seperate guest and member numbers';
$txt['boardViewersClickable'] = 'Enable pop-up list by clicking viewer numbers';
$txt['countChildPosts'] = 'Count child\'s viewers and posts in parent\'s totals';
$txt['bv_members_guests_none'] = 'There are no users viewing this board.';
$txt['bv_members_guests_this'] = 'There are %s members and %s guests viewing this board.';
$txt['bv_members_guests_child'] = '%s members and %s guests are viewing the child boards of this board.';
$txt['bv_members'] = 'Members';
$txt['viewersBrowsing'] = 'Viewers browsing this board';

$txt['board_v_members'] = 'members'; // 43 members
$txt['board_v_member'] = 'member'; // 1 member

$txt['board_v_guests'] = 'guests'; // 26 guests
$txt['board_v_guest'] = 'guest'; // 1 guest

$txt['board_viewers'] = 'viewing'; // 32 viewing
$txt['board_viewer'] = 'viewing'; // 1 viewing

$txt['board_viewers_child'] = 'Viewers'; // Viewers: 145
$txt['board_viewer_child'] = 'Viewer'; // Viewer: 1

// End Of Board Viewers Mod
]]></add>
		</operation>
	</file>
	<file name="$languagedir/Modifications.turkish.php" error="skip">
		<operation>
			<search position="end" />
			<add><![CDATA[

// Board Viewers Mod
$txt['enable_board_viewers'] = 'Bolumlerde bulunan kullanicilari goster';
$txt['boardViewersGuestsMembers'] = 'Ziyaret�i ve uyeleri ayir';
$txt['boardViewersClickable'] = 'Sayilara tiklandiginda pop-up listesini ac';
$txt['countChildPosts'] = 'Alt bolumlerin gosterim sayisini ust bolumlere ekle.';
$txt['bv_members_guests_none'] = 'Bu bolumu goruntuleyen kullanici yok.';
$txt['bv_members_guests_this'] = '%s uye ve %s ziyaretci bu bolumu goruntuluyor.';
$txt['bv_members_guests_child'] = '%s uye ve %s ziyaretci bu bolumun alt bolumunu goruntuluyor.';
$txt['bv_members'] = 'Uyeler';
$txt['viewersBrowsing'] = 'Bu bolumu goruntuleyen uyeler';

$txt['board_v_members'] = 'uye'; // 43 members
$txt['board_v_member'] = 'uye'; // 1 member

$txt['board_v_guests'] = 'ziyaretci'; // 26 guests
$txt['board_v_guest'] = 'ziyaretci'; // 1 guest

$txt['board_viewers'] = 'gosterim'; // 32 viewing
$txt['board_viewer'] = 'gosterim'; // 1 viewing

$txt['board_viewers_child'] = 'Goruntuleyenler'; // Viewers: 145
$txt['board_viewer_child'] = 'Goruntuleyenler'; // Viewer: 1

// End Of Board Viewers Mod
]]></add>
		</operation>
	</file>
	<file name="$languagedir/Modifications.turkish-utf8.php" error="skip">
		<operation>
			<search position="end" />
			<add><![CDATA[

// Board Viewers Mod
$txt['enable_board_viewers'] = 'Bolumlerde bulunan kullanicilari goster';
$txt['boardViewersGuestsMembers'] = 'Ziyaret�i ve uyeleri ayir';
$txt['boardViewersClickable'] = 'Sayilara tiklandiginda pop-up listesini ac';
$txt['countChildPosts'] = 'Alt bolumlerin gosterim sayisini ust bolumlere ekle.';
$txt['bv_members_guests_none'] = 'Bu bolumu goruntuleyen kullanici yok.';
$txt['bv_members_guests_this'] = '%s uye ve %s ziyaretci bu bolumu goruntuluyor.';
$txt['bv_members_guests_child'] = '%s uye ve %s ziyaretci bu bolumun alt bolumunu goruntuluyor.';
$txt['bv_members'] = 'Uyeler';
$txt['viewersBrowsing'] = 'Bu bolumu goruntuleyen uyeler';

$txt['board_v_members'] = 'uye'; // 43 members
$txt['board_v_member'] = 'uye'; // 1 member

$txt['board_v_guests'] = 'ziyaretci'; // 26 guests
$txt['board_v_guest'] = 'ziyaretci'; // 1 guest

$txt['board_viewers'] = 'gosterim'; // 32 viewing
$txt['board_viewer'] = 'gosterim'; // 1 viewing

$txt['board_viewers_child'] = 'Goruntuleyenler'; // Viewers: 145
$txt['board_viewer_child'] = 'Goruntuleyenler'; // Viewer: 1

// End Of Board Viewers Mod
]]></add>
		</operation>
	</file>
</modification>