<?xml version="1.0"?>
<!DOCTYPE package-info SYSTEM "http://www.simplemachines.org/xml/package-info">
<package-info xmlns="http://www.simplemachines.org/xml/package-info" xmlns:smf="http://www.simplemachines.org/">
	<id>harzem:BoardViewers</id>
	<name>Board Viewers Mod</name>
	<type>modification</type>
	<version>1.2.1.1b</version>
	
	<install for="2.0.*">
		<readme type="file">readme2.txt</readme>
		<modification type="file">modification2.xml</modification>
		<require-file from="./Packages/temp/Viewers2.php" name="Viewers.php" destination="$sourcedir" />
	</install>
	<install for="1.1.0 - 1.1.99">
		<readme type="file">readme1.txt</readme>
		<modification type="file">modification1.xml</modification>
		<require-file from="./Packages/temp/Viewers1.php" name="Viewers.php" destination="$sourcedir" />
	</install>
	
	<uninstall for="2.0.*">
		<readme type="inline">Thank you for trying Board Viewers Mod.</readme>
		<modification type="file" reverse="true">modification2.xml</modification>
		<remove-file name="$sourcedir/Viewers.php" />
	</uninstall>
		<uninstall for="1.1.0 - 1.1.99">
		<modification type="file" reverse="true">modification1.xml</modification>
		<remove-file name="$sourcedir/Viewers.php" />
	</uninstall>
	
</package-info>