<!-- Copyright 2005-2012 Michael Oestergaard Pedersen

     This file is part of Users Online Today Mod.

     Users Online Today Mod is free software: you can redistribute it and/or
     modify it under the terms of the GNU Affero General Public License as
     published by the Free Software Foundation, either version 3 of the License,
     or (at your option) any later version.

     Users Online Today Mod is distributed in the hope that it will be useful,
     but WITHOUT ANY WARRANTY; without even the implied warranty of
     MERCHANTABILITY or FITNESS FOR A PARTICULAR PURPOSE.  See the
     GNU Affero General Public License for more details.

     You should have received a copy of the GNU Affero General Public License along
     with Users Online Today Mod.  If not, see <http://www.gnu.org/licenses/>.
-->

<?xml version="1.0"?>
<?xml-stylesheet href="xslt/package-info.xsl" type="text/xsl"?>
<!DOCTYPE package-info SYSTEM "http://www.simplemachines.org/xml/package-info">
<package-info xmlns="http://www.simplemachines.org/xml/package-info" xmlns:smf="http://www.simplemachines.org/">
	<id>Michael.PedersenAkaCarceri:UsersOnlineTodayMod</id>
	<name>Users Online Today</name>
	<version>2.0.3</version>
	<type>modification</type>
	<install>
		<readme>readme.txt</readme>
		<modification>users_online_today.xml</modification>
		<require-file name="Subs-UsersOnlineToday.php" destination="$sourcedir" />
		<require-file name="lang/UsersOnlineToday.english.php" destination="$languagedir" />
		<require-file name="lang/UsersOnlineToday.english-utf8.php" destination="$languagedir" />
		<require-file name="lang/UsersOnlineToday.danish.php" destination="$languagedir" />
		<require-file name="lang/UsersOnlineToday.danish-utf8.php" destination="$languagedir" />
		<require-file name="lang/UsersOnlineToday.portuguese_brazilian.php" destination="$languagedir" />
		<require-file name="lang/UsersOnlineToday.portuguese_brazilian-utf8.php" destination="$languagedir" />
		<require-file name="lang/UsersOnlineToday.portuguese_pt.php" destination="$languagedir" />
		<require-file name="lang/UsersOnlineToday.portuguese_pt-utf8.php" destination="$languagedir" />
		<require-file name="lang/UsersOnlineToday.hungarian.php" destination="$languagedir" />
		<require-file name="lang/UsersOnlineToday.hungarian-utf8.php" destination="$languagedir" />
		<require-file name="lang/UsersOnlineToday.german.php" destination="$languagedir" />
		<require-file name="lang/UsersOnlineToday.german-utf8.php" destination="$languagedir" />
		<require-file name="lang/UsersOnlineToday.spanish.php" destination="$languagedir" />
		<require-file name="lang/UsersOnlineToday.spanish-utf8.php" destination="$languagedir" />
		<require-file name="lang/UsersOnlineToday.spanish_latin.php" destination="$languagedir" />
		<require-file name="lang/UsersOnlineToday.spanish_latin-utf8.php" destination="$languagedir" />
		<require-file name="lang/UsersOnlineToday.dutch.php" destination="$languagedir" />
		<require-file name="lang/UsersOnlineToday.dutch-utf8.php" destination="$languagedir" />
		<require-file name="lang/UsersOnlineToday.croatian.php" destination="$languagedir" />
		<require-file name="lang/UsersOnlineToday.croatian-utf8.php" destination="$languagedir" />
		<require-file name="lang/UsersOnlineToday.serbian_latin.php" destination="$languagedir" />
		<require-file name="lang/UsersOnlineToday.serbian_latin-utf8.php" destination="$languagedir" />
		<require-file name="lang/UsersOnlineToday.russian.php" destination="$languagedir" />
		<require-file name="lang/UsersOnlineToday.russian-utf8.php" destination="$languagedir" />
		<require-file name="lang/UsersOnlineToday.finnish.php" destination="$languagedir" />
		<require-file name="lang/UsersOnlineToday.finnish-utf8.php" destination="$languagedir" />
		<require-file name="lang/UsersOnlineToday.turkish.php" destination="$languagedir" />
		<require-file name="lang/UsersOnlineToday.turkish-utf8.php" destination="$languagedir" />
		<require-file name="lang/UsersOnlineToday.persian.php" destination="$languagedir" />
		<require-file name="lang/UsersOnlineToday.persian-utf8.php" destination="$languagedir" />
		<database>install.php</database>
	</install>
	<uninstall>
		<modification reverse="true">users_online_today.xml</modification>
		<remove-file name="$sourcedir/Subs-UsersOnlineToday.php" />
		<remove-file name="$languagedir/UsersOnlineToday.english.php" />
		<remove-file name="$languagedir/UsersOnlineToday.english-utf8.php" />
		<remove-file name="$languagedir/UsersOnlineToday.danish.php" />
		<remove-file name="$languagedir/UsersOnlineToday.danish-utf8.php" />
		<remove-file name="$languagedir/UsersOnlineToday.portuguese_brazilian.php" />
		<remove-file name="$languagedir/UsersOnlineToday.portuguese_brazilian-utf8.php" />
		<remove-file name="$languagedir/UsersOnlineToday.portuguese_pt.php" />
		<remove-file name="$languagedir/UsersOnlineToday.portuguese_pt-utf8.php" />
		<remove-file name="$languagedir/UsersOnlineToday.hungarian.php" />
		<remove-file name="$languagedir/UsersOnlineToday.hungarian-utf8.php" />
		<remove-file name="$languagedir/UsersOnlineToday.german.php" />
		<remove-file name="$languagedir/UsersOnlineToday.german-utf8.php" />
		<remove-file name="$languagedir/UsersOnlineToday.spanish.php" />
		<remove-file name="$languagedir/UsersOnlineToday.spanish-utf8.php" />
		<remove-file name="$languagedir/UsersOnlineToday.spanish_latin.php" />
		<remove-file name="$languagedir/UsersOnlineToday.spanish_latin-utf8.php" />
		<remove-file name="$languagedir/UsersOnlineToday.dutch.php" />
		<remove-file name="$languagedir/UsersOnlineToday.dutch-utf8.php" />
		<remove-file name="$languagedir/UsersOnlineToday.croatian.php" />
		<remove-file name="$languagedir/UsersOnlineToday.croatian-utf8.php" />
		<remove-file name="$languagedir/UsersOnlineToday.serbian_latin.php" />
		<remove-file name="$languagedir/UsersOnlineToday.serbian_latin-utf8.php" />
		<remove-file name="$languagedir/UsersOnlineToday.russian.php" />
		<remove-file name="$languagedir/UsersOnlineToday.russian-utf8.php" />
		<remove-file name="$languagedir/UsersOnlineToday.finnish.php" />
		<remove-file name="$languagedir/UsersOnlineToday.finnish-utf8.php" />
		<remove-file name="$languagedir/UsersOnlineToday.turkish.php" />
		<remove-file name="$languagedir/UsersOnlineToday.turkish-utf8.php" />
		<remove-file name="$languagedir/UsersOnlineToday.persian.php" />
		<remove-file name="$languagedir/UsersOnlineToday.persian-utf8.php" />
		<code>uninstall-required.php</code>
		<database>uninstall-optional.php</database>
	</uninstall>
</package-info>
