<?xml version="1.0"?>
<!DOCTYPE modification SYSTEM "http://www.simplemachines.org/xml/modification">
<!-- - - - - - - - - - - - - - - - - - - - - - - - - - - - - - - - - - - - - - -
	This is an example modification file for SMF packages.

	ATTENTION: If you are trying to install this manually, you should try
	the package manager.  If it will not work for you, please take a look
	at the following for information on this format:
		http://mods.simplemachines.org/docs/manual-install.php

================================================================================

	Modification files can be used to modify files so that they do what
	your package needs them to do to work properly.

 - - - - - - - - - - - - - - - - - - - - - - - - - - - - - - - - - - - - - - -->

<modification xmlns="http://www.simplemachines.org/xml/modification" xmlns:smf="http://www.simplemachines.org/">
	<!-- This information needs to be the same as that in the package-info.xml. -->
	<id>4kstore:InformationBar</id>
	<name>InformationBar</name>
	<version>1.0</version>

	<!-- Edit a specific file.. -->
	
		<file name="$themedir/css/index.css">
				<operation>
			<search position="end" />
				<add><![CDATA[
.redondeado:before {
   background: transparent url(../images/arr-der.png) scroll no-repeat top right;
   margin-bottom: -10px;
   height: 14px;
   display: block;
   border: none;
   content: url(../images/arr-izq.png);
   padding: 0;
   line-height: 0.1;
   font-size: 1px;
}

.redondeado:after {
   display: block;
   line-height: 0.1;
   font-size: 1px;
   content: url(../images/aba-izq.png);
   margin: 2px 0 0 0;
   height: 14px;
   background: transparent url(../images/aba-der.png) scroll no-repeat bottom right;
   padding: 0;
}


.redondeado * {
   padding-left: 25px;
   padding-right: 25px;
}

.redondeado {
   padding: 0;
   background: #993333;
   color: white;
   margin-right: -1px;
}
]]></add>
		</operation>
			</file>
	<file name="$themedir/index.template.php">
		<operation>
			<search position="replace"><![CDATA[template_menu();]]></search>
			<add><![CDATA[template_menu();
		if (!empty($modSettings['ib_text']) && !empty($modSettings['ib_enable']))
	{
	echo'<br /><br /><div class="redondeado">
<p align="center"> ',$modSettings['ib_text'],'
</p>
</div> ';
	}]]></add>
		</operation>

	</file>
	
			<file name="$sourcedir/ManageSettings.php">
		<operation>
			<search position="after"><![CDATA[		// Mod authors, add any settings UNDER this line. Include a comma at the end of the line and don't remove this statement!!]]></search>
			<add><![CDATA[
			// InformationBarMod
			array('check', 'ib_enable'),
			array('large_text', 'ib_text', '5'),
			]]></add>
		</operation>
	</file>
				

</modification>
