<?xml version="1.0"?>
<!DOCTYPE modification SYSTEM "http://www.simplemachines.org/xml/modification">
<modification xmlns="http://www.simplemachines.org/xml/modification" xmlns:smf="http://www.simplemachines.org/">
	<id>4kstore:InformationBar</id>
	<name>InformationBar</name>
	<version>1.0</version>

	<file name="$themedir/languages/Modifications.english.php">
		<operation>
			<search position="end" />
				<add><![CDATA[
			// InformationBarMod
$txt['ib_text'] = 'InformationBar Text <div class="smalltext">allows HTML code.</div>';
$txt['ib_enable'] = 'Enable InformationBar';
]]></add>
		</operation>
	</file>
	<file name="$themedir/languages/Modifications.spanish_latin.php" error="skip">
		<operation>
			<search position="end" />
				<add><![CDATA[
			// InformationBarMod
$txt['ib_text'] = 'InformationBar Texto <div class="smalltext">Permite codigo HTML.</div>';
$txt['ib_enable'] = 'Activar InformationBar';]]></add>
		</operation>
	</file>
	
</modification>