<?xml version="1.0"?>
<!DOCTYPE package-info SYSTEM "http://www.simplemachines.org/xml/package-info">
<package-info xmlns="http://www.simplemachines.org/xml/package-info" xmlns:smf="http://www.simplemachines.org/">
	<id>4kstore:InformationBar</id>
	<name>InformationBar</name>
	<type>modification</type>
	<version>1.0</version>

	
	<install for="2.0 - 2.99.99">
		<redirect url="?action=admin;area=modsettings;sa=general">redirect.txt</redirect>
		<readme parsebbc="true">readme.txt</readme>
		<modification>install.xml</modification>
		<modification>languages.xml</modification>
		<require-file name="arr-der.png" destination="$imagesdir" />
		<require-file name="arr-izq.png" destination="$imagesdir" />
		<require-file name="aba-der.png" destination="$imagesdir" />
		<require-file name="aba-izq.png" destination="$imagesdir" />		
	</install>

	<uninstall for="2.0 - 2.99.99">
		<modification type="file" reverse="true">install.xml</modification>
		<modification type="file" reverse="true">languages.xml</modification>
		<remove-file name="$imagesdir/arr-der.png" />
		<remove-file name="$imagesdir/arr-izq.png" />
		<remove-file name="$imagesdir/aba-der.png" />
		<remove-file name="$imagesdir/aba-izq.png" />		
	</uninstall>
	
</package-info>
